title,media,date,datetime,desc,link,img
Crackdown on Amritpal Singh: Internet services suspended in Punjab,Times of India,1 month ago,2023-04-12 12:39:58.438828,"Crackdown on Amritpal Singh: Internet services suspended in Punjab ; Why no FIR against Brij Bhushan Sharan Singh, Supreme Court asks Delhi police ; Yogi...",https://m.timesofindia.com/city/chandigarh/crackdown-on-amritpal-singh-internet-services-suspended-in-punjab/articleshow/98755218.cms,"data:image/gif;base64,R0lGODlhAQABAIAAAP///////yH5BAEKAAEALAAAAAABAAEAAAICTAEAOw=="
Moose Wala’s parents gifted car he designed,Times of India,"ar 17, 2023",,"LUDHIANA: Shubhdeep Singh, better known as Sidhu Moose Wala, was popular for his music in India and may parts of the world, but hardly anyone knew that he...",https://m.timesofindia.com/city/ludhiana/moose-walas-parents-gifted-car-he-designed/articleshow/98720951.cms,"data:image/gif;base64,R0lGODlhAQABAIAAAP///////yH5BAEKAAEALAAAAAABAAEAAAICTAEAOw=="
"As CM Sukhu goes about cancelling Jai Ram regime institutions, Congress-BJP row hits a flashpoint",The Indian Express,"ar 15, 2023",,"brij bhushan sharan singh bjp · UP urban body polls: On BJP's campaign trail, a missing Brij Bhushan · MK Stalin Cabinet shuffle.",https://indianexpress.com/article/political-pulse/sukhvinder-singh-sukhu-jairam-thakur-congress-bjp-8499053/,"data:image/gif;base64,R0lGODlhAQABAIAAAP///////yH5BAEKAAEALAAAAAABAAEAAAICTAEAOw=="
Akalis smell vendetta as bail rejected for Sukhbir Badal in 2015 Kotkapura firing case,The Indian Express,"ar 17, 2023",,All of them have been issued notices to appear before the court of Judicial Magistrate (First Class) Ajaypal Singh on March 23. Advertisement. The chief...,https://indianexpress.com/article/political-pulse/akalis-bail-sukhbir-badal-2015-kotkapura-firing-case-8503423/,"data:image/gif;base64,R0lGODlhAQABAIAAAP///////yH5BAEKAAEALAAAAAABAAEAAAICTAEAOw=="
Hurting religious sentiments: Notice to Punjab on Dera chief’s plea against FIR,Times of India,"ar 16, 2023",,CHANDIGARH: The Punjab and Haryana high court has issued notice to the Punjab government on a plea filed by Dera Sacha Sauda chief Gurmeet Ram Rahim Singh...,https://m.timesofindia.com/city/chandigarh/hurting-religious-sentiments-notice-to-pb-on-dera-chiefs-plea-against-fir/articleshow/98681600.cms,"data:image/gif;base64,R0lGODlhAQABAIAAAP///////yH5BAEKAAEALAAAAAABAAEAAAICTAEAOw=="
"Punjabi University students ban entry of AAP leaders, seek grant promise",Times of India,1 month ago,2023-04-12 12:39:58.477619,"... Punjabi University, Prof Arvind had earlier claimed to have held a meeting with Punjab finance minister Harpal Singh Cheema, principal secretary to CM,...",https://m.timesofindia.com/city/chandigarh/students-ban-entry-of-aap-leaders-seek-grant-promise/articleshow/98746639.cms,"data:image/gif;base64,R0lGODlhAQABAIAAAP///////yH5BAEKAAEALAAAAAABAAEAAAICTAEAOw=="
Ajit Pawar hits out at BJP MLC's 'Nirma powder' remarks in Maharashtra legislative council,Times of India,1 month ago,2023-04-12 12:39:58.497836,Patil had spoken in the context of Shiv Sena (UBT) leader Subhash Desai's son Bhushan joining the Eknath Shinde-led Shiv Sena. It had earlier been alleged that...,https://m.timesofindia.com/city/mumbai/ajit-pawar-hits-out-at-bjp-mlcs-nirma-powder-remarks-in-maharashtra-legislative-council/articleshow/98745403.cms,"data:image/gif;base64,R0lGODlhAQABAIAAAP///////yH5BAEKAAEALAAAAAABAAEAAAICTAEAOw=="
Two delivery executives thrashed over not having loose change in Delhi's Rajouri Garden,Times of India,1 month ago,2023-04-12 12:39:58.517398,"According to the police, the two delivery agents -- Aman and Gurpal Singh -- of online grocery store Blinkit were physically assaulted by a customer when...",https://m.timesofindia.com/city/delhi/two-delivery-executives-thrashed-over-not-having-loose-change-in-delhis-rajouri-garden/articleshow/98759001.cms,"data:image/gif;base64,R0lGODlhAQABAIAAAP///////yH5BAEKAAEALAAAAAABAAEAAAICTAEAOw=="
"Haryana budget: Sandeep Singh enters, opposition exits",Times of India,1 month ago,2023-04-12 12:39:58.537013,"CHANDIGARH: Heated arguments between opposition and incumbent party MLAs, which led to a walkout by the opposition, marked Friday's proceedings of Haryana's...",https://m.timesofindia.com/city/chandigarh/sandeep-enters-opposition-exits/articleshow/98746626.cms,"data:image/gif;base64,R0lGODlhAQABAIAAAP///////yH5BAEKAAEALAAAAAABAAEAAAICTAEAOw=="
"Himachal Pradesh to be made green energy state by March, 2026: CM",Times of India,1 month ago,2023-04-12 12:39:58.556098,"SHIMLA: Having given the slogan of “Vyavastha Parivartan” (system change), chief minister Sukhvinder Singh Sukhu in his maiden budget speech majorly focused...",https://m.timesofindia.com/city/shimla/himachal-pradesh-to-be-made-green-energy-state-by-march-2026-cm/articleshow/98756587.cms,"data:image/gif;base64,R0lGODlhAQABAIAAAP///////yH5BAEKAAEALAAAAAABAAEAAAICTAEAOw=="
Crackdown on Amritpal Singh: Internet services suspended in Punjab,Times of India,1 month ago,2023-04-12 12:40:03.884475,"Crackdown on Amritpal Singh: Internet services suspended in Punjab ; Why no FIR against Brij Bhushan Sharan Singh, Supreme Court asks Delhi police ; Yogi...",https://m.timesofindia.com/city/chandigarh/crackdown-on-amritpal-singh-internet-services-suspended-in-punjab/articleshow/98755218.cms,"data:image/gif;base64,R0lGODlhAQABAIAAAP///////yH5BAEKAAEALAAAAAABAAEAAAICTAEAOw=="
"Punjabi University students ban entry of AAP leaders, seek grant promise",Times of India,1 month ago,2023-04-12 12:40:03.908011,"... Punjabi University, Prof Arvind had earlier claimed to have held a meeting with Punjab finance minister Harpal Singh Cheema, principal secretary to CM,...",https://m.timesofindia.com/city/chandigarh/students-ban-entry-of-aap-leaders-seek-grant-promise/articleshow/98746639.cms,"data:image/gif;base64,R0lGODlhAQABAIAAAP///////yH5BAEKAAEALAAAAAABAAEAAAICTAEAOw=="
Ajit Pawar hits out at BJP MLC's 'Nirma powder' remarks in Maharashtra legislative council,Times of India,1 month ago,2023-04-12 12:40:03.920139,Patil had spoken in the context of Shiv Sena (UBT) leader Subhash Desai's son Bhushan joining the Eknath Shinde-led Shiv Sena. It had earlier been alleged that...,https://m.timesofindia.com/city/mumbai/ajit-pawar-hits-out-at-bjp-mlcs-nirma-powder-remarks-in-maharashtra-legislative-council/articleshow/98745403.cms,"data:image/gif;base64,R0lGODlhAQABAIAAAP///////yH5BAEKAAEALAAAAAABAAEAAAICTAEAOw=="
Two delivery executives thrashed over not having loose change in Delhi's Rajouri Garden,Times of India,1 month ago,2023-04-12 12:40:03.931706,"According to the police, the two delivery agents -- Aman and Gurpal Singh -- of online grocery store Blinkit were physically assaulted by a customer when...",https://m.timesofindia.com/city/delhi/two-delivery-executives-thrashed-over-not-having-loose-change-in-delhis-rajouri-garden/articleshow/98759001.cms,"data:image/gif;base64,R0lGODlhAQABAIAAAP///////yH5BAEKAAEALAAAAAABAAEAAAICTAEAOw=="
"Haryana budget: Sandeep Singh enters, opposition exits",Times of India,1 month ago,2023-04-12 12:40:03.943610,"CHANDIGARH: Heated arguments between opposition and incumbent party MLAs, which led to a walkout by the opposition, marked Friday's proceedings of Haryana's...",https://m.timesofindia.com/city/chandigarh/sandeep-enters-opposition-exits/articleshow/98746626.cms,"data:image/gif;base64,R0lGODlhAQABAIAAAP///////yH5BAEKAAEALAAAAAABAAEAAAICTAEAOw=="
"Himachal Pradesh to be made green energy state by March, 2026: CM",Times of India,1 month ago,2023-04-12 12:40:03.955148,"SHIMLA: Having given the slogan of “Vyavastha Parivartan” (system change), chief minister Sukhvinder Singh Sukhu in his maiden budget speech majorly focused...",https://m.timesofindia.com/city/shimla/himachal-pradesh-to-be-made-green-energy-state-by-march-2026-cm/articleshow/98756587.cms,"data:image/gif;base64,R0lGODlhAQABAIAAAP///////yH5BAEKAAEALAAAAAABAAEAAAICTAEAOw=="
Uttarakhand: New education schemes focus skill building,Times of India,"ar 16, 2023",,"10 cops, 1 civilian killed in blast carried out by Maoists in Chhattisgarh's Dantewada · Why no FIR against Brij Bhushan Sharan Singh, Supreme Court asks...",https://m.timesofindia.com/city/dehradun/uttarakhand-new-education-schemes-focus-skill-building/articleshow/98679455.cms,"data:image/gif;base64,R0lGODlhAQABAIAAAP///////yH5BAEKAAEALAAAAAABAAEAAAICTAEAOw=="
"Govt takes Supreme Court seriously, sensitive to infrastructural demands: CJI Chandrachud",Times of India,1 month ago,2023-04-12 12:40:09.415653,"10 cops, 1 civilian killed in blast carried out by Maoists in Chhattisgarh's Dantewada · Why no FIR against Brij Bhushan Sharan Singh, Supreme Court asks Delhi...",https://m.timesofindia.com/india/govt-takes-supreme-court-seriously-sensitive-to-infrastructural-demands-cji-chandrachud/articleshow/98744634.cms,"data:image/gif;base64,R0lGODlhAQABAIAAAP///////yH5BAEKAAEALAAAAAABAAEAAAICTAEAOw=="
"Pre-dawn shooting at Ohio nightclub leaves 2 dead, 4 wounded",Times of India,1 month ago,2023-04-12 12:40:09.427646,"Trending Stories. Why no FIR against Brij Bhushan Sharan Singh, Supreme Court asks Delhi police · Yogi Adityanath receives death threat, police register FIR.",https://m.timesofindia.com/world/us/pre-dawn-shooting-at-ohio-nightclub-leaves-2-dead-4-wounded/articleshow/98760164.cms,"data:image/gif;base64,R0lGODlhAQABAIAAAP///////yH5BAEKAAEALAAAAAABAAEAAAICTAEAOw=="
CBI arrests police head constable for accepting bribe in Kathua,Times of India,1 month ago,2023-04-12 12:40:09.439378,"Trending Stories. Why no FIR against Brij Bhushan Sharan Singh, Supreme Court asks Delhi police · Yogi Adityanath receives death threat, police register FIR.",https://m.timesofindia.com/city/jammu/cbi-arrests-police-head-constable-for-accepting-bribe-in-kathua/articleshow/98759646.cms,"data:image/gif;base64,R0lGODlhAQABAIAAAP///////yH5BAEKAAEALAAAAAABAAEAAAICTAEAOw=="
Conclave 2023: Sachin Tendulkar recalls hilarious Harbhajan Singh story - India Today,India Today,"ar 17, 2023",,"While pressure is growing to take action against WFI president Brij Bhushan Sharan Singh, he maintained that he is ""innocent"" and ""ready to face any...",https://www.indiatoday.in/sports/cricket/video/sachin-tendulkar-harbhajan-singh-video-india-today-conclave-2347984-2023-03-17,"data:image/gif;base64,R0lGODlhAQABAIAAAP///////yH5BAEKAAEALAAAAAABAAEAAAICTAEAOw=="
"Probe paid parking fraud, penalise guilty: Adviser to MC",Times of India,"ar 17, 2023",,"Why no FIR against Brij Bhushan Sharan Singh, Supreme Court asks Delhi police. Yogi Adityanath receives death threat, police register FIR...",https://m.timesofindia.com/city/chandigarh/probe-paid-parking-fraud-penalise-guilty-adviser-to-mc/articleshow/98720806.cms,"data:image/gif;base64,R0lGODlhAQABAIAAAP///////yH5BAEKAAEALAAAAAABAAEAAAICTAEAOw=="
Class 9 student stages own kidnapping in UP's Sitapur to buy an iPhone,Times of India,"ar 17, 2023",,The boy had used his friend's phone to make a ransom call demanding Rs 5 lakh from his father. Sitapur kotwali SHO TP Singh said that the boy studies in a...,https://m.timesofindia.com/city/lucknow/class-9-student-stages-own-kidnapping-in-ups-sitapur-to-buy-an-iphone/articleshow/98718512.cms,"data:image/gif;base64,R0lGODlhAQABAIAAAP///////yH5BAEKAAEALAAAAAABAAEAAAICTAEAOw=="
Vehicle in former Pakistan PM Imran Khan's convoy meets with accident,Times of India,1 month ago,2023-04-12 12:40:09.460338,"Why no FIR against Brij Bhushan Sharan Singh, Supreme Court asks Delhi police ... MarriagePM Modi in KeralaSania MirzaBrij BhushanKedarnath TempleIPL Slow...",https://m.timesofindia.com/world/pakistan/vehicle-in-former-pakistan-pm-imran-khans-convoy-meets-with-accident/articleshow/98751057.cms,"data:image/gif;base64,R0lGODlhAQABAIAAAP///////yH5BAEKAAEALAAAAAABAAEAAAICTAEAOw=="
Joshimath: 19 houses with cracks sealed,Times of India,1 month ago,2023-04-12 12:40:09.477095,"Why no FIR against Brij Bhushan Sharan Singh, Supreme Court asks Delhi police ... 10th Result 2023Same Sex MarriagePM Modi in KeralaBrij BhushanKedarnath...",https://m.timesofindia.com/city/dehradun/joshimath-19-houses-with-cracks-sealed/articleshow/98744640.cms,"data:image/gif;base64,R0lGODlhAQABAIAAAP///////yH5BAEKAAEALAAAAAABAAEAAAICTAEAOw=="
30 passengers from Colombo mistakenly dropped off at domestic arrivals of Bengaluru airport,Times of India,1 month ago,2023-04-12 12:40:09.491463,"Why no FIR against Brij Bhushan Sharan Singh, Supreme Court asks Delhi police · Yogi Adityanath receives death threat, police register FIR.",https://m.timesofindia.com/india/30-passengers-from-colombo-mistakenly-dropped-off-at-domestic-arrivals-of-bengaluru-airport/articleshow/98748808.cms,"data:image/gif;base64,R0lGODlhAQABAIAAAP///////yH5BAEKAAEALAAAAAABAAEAAAICTAEAOw=="
'Dirty political game' by govts: Jathedar Giani Harpreet Singh on crackdown in Punjab,Times of India,1 month ago,2023-04-12 12:40:09.945676,"AMRITSAR: Akal Takht officiating jathedar Giani Harpreet Singh on Tuesday said the state and central governments were playing a ""dirty political game"",...",https://m.timesofindia.com/city/amritsar/dirty-political-game-by-govts-jathedar-giani-harpreet-singh-on-crackdown-in-punjab/articleshow/98891951.cms,"data:image/gif;base64,R0lGODlhAQABAIAAAP///////yH5BAEKAAEALAAAAAABAAEAAAICTAEAOw=="
CCTV footage shows how Amritpal Singh escaped | Watch - India Today,India Today,1 month ago,2023-04-12 12:40:09.957885,"Indian wrestlers resume protest against WFI chief Brij Bhushan in Jantar Mantar. Top Indian wrestlers, including Bajrang Punia and Vinesh Phogat, returned to...",https://www.indiatoday.in/india/video/cctv-footage-shows-how-amritpal-singh-escaped-watch-2349622-2023-03-21,"data:image/gif;base64,R0lGODlhAQABAIAAAP///////yH5BAEKAAEALAAAAAABAAEAAAICTAEAOw=="
HC slams Punjab govt for failing to arrest Amritpal Singh; seeks status report from police,The Federal News,1 month ago,2023-04-12 12:40:09.969758,"“You have 80,000 cops, how did Amritpal Singh escape?” the Punjab and Haryana High Court asked the Punjab government on Tuesday and termed it as...",https://thefederal.com/states/north/punjab/hc-slams-punjab-govt-for-failing-to-arrest-amritpal-singh-seeks-status-report-from-police/,"data:image/gif;base64,R0lGODlhAQABAIAAAP///////yH5BAEKAAEALAAAAAABAAEAAAICTAEAOw=="
Sarabjot Singh clinches air pistol gold in Shooting World Cup,The Indian Express,1 month ago,2023-04-12 12:40:09.981183,"Probing allegations against Brij Bhushan, in January, Govt had flagged th... The gold-medal match was a race to 16 points and Sarabjot was simply unstoppable,...",https://indianexpress.com/article/sports/sport-others/sarabjot-singh-clinches-air-pistol-gold-in-shooting-world-cup-8512093/,"data:image/gif;base64,R0lGODlhAQABAIAAAP///////yH5BAEKAAEALAAAAAABAAEAAAICTAEAOw=="
Manu Bhaker to lead India in ISSF World Cup,The Indian Express,1 month ago,2023-04-12 12:40:09.992561,Wrestlers Protest Live Updates: Bajrang Punia makes an appeal after grapp... Brij Bhushan Sharan Singh at his residence · Probing allegations against Brij...,https://indianexpress.com/article/sports/sport-others/manu-bhaker-to-lead-india-in-issf-world-cup-8511069/,"data:image/gif;base64,R0lGODlhAQABAIAAAP///////yH5BAEKAAEALAAAAAABAAEAAAICTAEAOw=="
Attempts being made to malign Akali Dal: Punjab former CM Parkash Singh Badal in open letter,Times of India,1 month ago,2023-04-12 12:40:10.003771,"Why no FIR against Brij Bhushan Sharan Singh, Supreme Court asks Delhi police · Yogi Adityanath receives death threat, police register FIR.",https://m.timesofindia.com/city/chandigarh/attempts-being-made-to-malign-akali-dal-badal-in-open-letter/articleshow/98847634.cms,"data:image/gif;base64,R0lGODlhAQABAIAAAP///////yH5BAEKAAEALAAAAAABAAEAAAICTAEAOw=="
Punjab Congress: Action to ensure less crowd at Moose Wala barsi,Times of India,1 month ago,2023-04-12 12:40:10.015168,"10 cops, 1 civilian killed in blast carried out by Maoists in Chhattisgarh's Dantewada · Why no FIR against Brij Bhushan Sharan Singh, Supreme Court asks...",https://m.timesofindia.com/city/chandigarh/punjab-congress-action-to-ensure-less-crowd-at-moose-wala-barsi/articleshow/98794716.cms,"data:image/gif;base64,R0lGODlhAQABAIAAAP///////yH5BAEKAAEALAAAAAABAAEAAAICTAEAOw=="
"Lookout issued against Amritpal Singh; earthquake shakes Afghanistan, Pakistan, North India; more - India Today",India Today,1 month ago,2023-04-12 12:40:10.026147,"Brijbhushan Sharan Singh, president of the Wrestling Federation of India (WFI) and member of the Bharatiya Janata Party (BJP) said that he would cooperate with...",https://www.indiatoday.in/programme/first-up/video/lookout-issued-against-amritpal-singh-earthquake-shakes-afghanistan-pakistan-north-india-2349825-2023-03-22,"data:image/gif;base64,R0lGODlhAQABAIAAAP///////yH5BAEKAAEALAAAAAABAAEAAAICTAEAOw=="
Punjab assembly to debate war on drugs today,Times of India,1 month ago,2023-04-12 12:40:10.039089,"Why no FIR against Brij Bhushan Sharan Singh, Supreme Court asks Delhi police · Yogi Adityanath receives death threat, police register FIR.",https://m.timesofindia.com/city/chandigarh/punjab-assembly-to-debate-war-on-drugs-today/articleshow/98892783.cms,"data:image/gif;base64,R0lGODlhAQABAIAAAP///////yH5BAEKAAEALAAAAAABAAEAAAICTAEAOw=="
"Punjab internet shutdown causes glitch in income flow, remote work, education",Times of India,1 month ago,2023-04-12 12:40:10.050276,"Describing the current shutdown in Punjab as a “gross violation of civil liberties,” Raman Jit Singh Chima, Asia Pacific Policy director at Access Now,...",https://m.timesofindia.com/city/chandigarh/pb-internet-shutdown-causes-glitch-in-income-flow-remote-work-education/articleshow/98847274.cms,"data:image/gif;base64,R0lGODlhAQABAIAAAP///////yH5BAEKAAEALAAAAAABAAEAAAICTAEAOw=="
,,,,,#,
'Dirty political game' by govts: Jathedar Giani Harpreet Singh on crackdown in Punjab,Times of India,1 month ago,2023-04-12 12:40:15.406492,"AMRITSAR: Akal Takht officiating jathedar Giani Harpreet Singh on Tuesday said the state and central governments were playing a ""dirty political game"",...",https://m.timesofindia.com/city/amritsar/dirty-political-game-by-govts-jathedar-giani-harpreet-singh-on-crackdown-in-punjab/articleshow/98891951.cms,"data:image/gif;base64,R0lGODlhAQABAIAAAP///////yH5BAEKAAEALAAAAAABAAEAAAICTAEAOw=="
CCTV footage shows how Amritpal Singh escaped | Watch - India Today,India Today,1 month ago,2023-04-12 12:40:15.418608,"Indian wrestlers resume protest against WFI chief Brij Bhushan in Jantar Mantar. Top Indian wrestlers, including Bajrang Punia and Vinesh Phogat, returned to...",https://www.indiatoday.in/india/video/cctv-footage-shows-how-amritpal-singh-escaped-watch-2349622-2023-03-21,"data:image/gif;base64,R0lGODlhAQABAIAAAP///////yH5BAEKAAEALAAAAAABAAEAAAICTAEAOw=="
HC slams Punjab govt for failing to arrest Amritpal Singh; seeks status report from police,The Federal News,1 month ago,2023-04-12 12:40:15.433336,"“You have 80,000 cops, how did Amritpal Singh escape?” the Punjab and Haryana High Court asked the Punjab government on Tuesday and termed it as...",https://thefederal.com/states/north/punjab/hc-slams-punjab-govt-for-failing-to-arrest-amritpal-singh-seeks-status-report-from-police/,"data:image/gif;base64,R0lGODlhAQABAIAAAP///////yH5BAEKAAEALAAAAAABAAEAAAICTAEAOw=="
Sarabjot Singh clinches air pistol gold in Shooting World Cup,The Indian Express,1 month ago,2023-04-12 12:40:15.445022,"Probing allegations against Brij Bhushan, in January, Govt had flagged th... The gold-medal match was a race to 16 points and Sarabjot was simply unstoppable,...",https://indianexpress.com/article/sports/sport-others/sarabjot-singh-clinches-air-pistol-gold-in-shooting-world-cup-8512093/,"data:image/gif;base64,R0lGODlhAQABAIAAAP///////yH5BAEKAAEALAAAAAABAAEAAAICTAEAOw=="
Manu Bhaker to lead India in ISSF World Cup,The Indian Express,1 month ago,2023-04-12 12:40:15.456738,Wrestlers Protest Live Updates: Bajrang Punia makes an appeal after grapp... Brij Bhushan Sharan Singh at his residence · Probing allegations against Brij...,https://indianexpress.com/article/sports/sport-others/manu-bhaker-to-lead-india-in-issf-world-cup-8511069/,"data:image/gif;base64,R0lGODlhAQABAIAAAP///////yH5BAEKAAEALAAAAAABAAEAAAICTAEAOw=="
Attempts being made to malign Akali Dal: Punjab former CM Parkash Singh Badal in open letter,Times of India,1 month ago,2023-04-12 12:40:15.468796,"Why no FIR against Brij Bhushan Sharan Singh, Supreme Court asks Delhi police · Yogi Adityanath receives death threat, police register FIR.",https://m.timesofindia.com/city/chandigarh/attempts-being-made-to-malign-akali-dal-badal-in-open-letter/articleshow/98847634.cms,"data:image/gif;base64,R0lGODlhAQABAIAAAP///////yH5BAEKAAEALAAAAAABAAEAAAICTAEAOw=="
Punjab Congress: Action to ensure less crowd at Moose Wala barsi,Times of India,1 month ago,2023-04-12 12:40:15.480788,"10 cops, 1 civilian killed in blast carried out by Maoists in Chhattisgarh's Dantewada · Why no FIR against Brij Bhushan Sharan Singh, Supreme Court asks...",https://m.timesofindia.com/city/chandigarh/punjab-congress-action-to-ensure-less-crowd-at-moose-wala-barsi/articleshow/98794716.cms,"data:image/gif;base64,R0lGODlhAQABAIAAAP///////yH5BAEKAAEALAAAAAABAAEAAAICTAEAOw=="
"Lookout issued against Amritpal Singh; earthquake shakes Afghanistan, Pakistan, North India; more - India Today",India Today,1 month ago,2023-04-12 12:40:15.491921,"Brijbhushan Sharan Singh, president of the Wrestling Federation of India (WFI) and member of the Bharatiya Janata Party (BJP) said that he would cooperate with...",https://www.indiatoday.in/programme/first-up/video/lookout-issued-against-amritpal-singh-earthquake-shakes-afghanistan-pakistan-north-india-2349825-2023-03-22,"data:image/gif;base64,R0lGODlhAQABAIAAAP///////yH5BAEKAAEALAAAAAABAAEAAAICTAEAOw=="
Punjab assembly to debate war on drugs today,Times of India,1 month ago,2023-04-12 12:40:15.503003,"Why no FIR against Brij Bhushan Sharan Singh, Supreme Court asks Delhi police · Yogi Adityanath receives death threat, police register FIR.",https://m.timesofindia.com/city/chandigarh/punjab-assembly-to-debate-war-on-drugs-today/articleshow/98892783.cms,"data:image/gif;base64,R0lGODlhAQABAIAAAP///////yH5BAEKAAEALAAAAAABAAEAAAICTAEAOw=="
"Punjab internet shutdown causes glitch in income flow, remote work, education",Times of India,1 month ago,2023-04-12 12:40:15.513915,"Describing the current shutdown in Punjab as a “gross violation of civil liberties,” Raman Jit Singh Chima, Asia Pacific Policy director at Access Now,...",https://m.timesofindia.com/city/chandigarh/pb-internet-shutdown-causes-glitch-in-income-flow-remote-work-education/articleshow/98847274.cms,"data:image/gif;base64,R0lGODlhAQABAIAAAP///////yH5BAEKAAEALAAAAAABAAEAAAICTAEAOw=="
JD(U) appoints new presidents in 10 organisational districts in Bihar,Times of India,1 month ago,2023-04-12 12:40:20.923513,"JD(U) appoints new presidents in 10 organisational districts in Bihar ; Why no FIR against Brij Bhushan Sharan Singh, Supreme Court asks Delhi police ; Yogi...",https://m.timesofindia.com/city/patna/jdu-appoints-new-presidents-in-10-organisational-districts-in-bihar/articleshow/98824765.cms,"data:image/gif;base64,R0lGODlhAQABAIAAAP///////yH5BAEKAAEALAAAAAABAAEAAAICTAEAOw=="
Lone INLD MLA barred from Haryana assembly for day,Times of India,1 month ago,2023-04-12 12:40:20.935193,CHANDIGARH: Ellenabad MLA Abhay Singh Chautala was barred from the Haryana assembly proceedings on Monday over alleged unparliamentary behaviour.,https://m.timesofindia.com/city/chandigarh/lone-inld-mla-barred-from-haryana-assembly-for-day/articleshow/98843966.cms,"data:image/gif;base64,R0lGODlhAQABAIAAAP///////yH5BAEKAAEALAAAAAABAAEAAAICTAEAOw=="
Punjab top cops to face action for 2022 breach in PM Narendra Modi’s security,Times of India,1 month ago,2023-04-12 12:40:20.946819,"About the Author ; Why no FIR against Brij Bhushan Sharan Singh, Supreme Court asks Delhi police ; Yogi Adityanath receives death threat, police register FIR.",https://m.timesofindia.com/city/chandigarh/punjab-top-cops-to-face-action-for-2022-breach-in-pms-security/articleshow/98837136.cms,"data:image/gif;base64,R0lGODlhAQABAIAAAP///////yH5BAEKAAEALAAAAAABAAEAAAICTAEAOw=="
Constable dismissed for criminal activities,Times of India,1 month ago,2023-04-12 12:40:20.958136,"Why no FIR against Brij Bhushan Sharan Singh, Supreme Court asks Delhi police ... 10th Result 2023Same Sex MarriagePM Modi in KeralaBrij BhushanKedarnath...",https://m.timesofindia.com/city/indore/constable-dismissed-for-criminal-activities/articleshow/98890008.cms,"data:image/gif;base64,R0lGODlhAQABAIAAAP///////yH5BAEKAAEALAAAAAABAAEAAAICTAEAOw=="
"2 cousins on bike fall into canal in southeast Delhi, body of one found",Times of India,1 month ago,2023-04-12 12:40:20.969281,"The two men were identified as Rahul (32) and Hemender Singh (30), both residents of Molarband Extension. Rahul's body was found on Monday.",https://m.timesofindia.com/city/delhi/2-cousins-on-bike-fall-into-canal-in-southeast-delhi-body-of-one-found/articleshow/98843664.cms,"data:image/gif;base64,R0lGODlhAQABAIAAAP///////yH5BAEKAAEALAAAAAABAAEAAAICTAEAOw=="
Disproportionate assets: VB quizzes ex-MLA for 6 hours in Ludhiana,Times of India,1 month ago,2023-04-12 12:40:20.980442,LUDHIANA: The Vigilance Bureau (Ludhiana range) quizzed former Congress MLA from Gill constituency Kuldeep Singh Vaid for over six hours in the...,https://m.timesofindia.com/city/ludhiana/disproportionate-assets-vb-quizzes-ex-mla-for-6-hours/articleshow/98847485.cms,"data:image/gif;base64,R0lGODlhAQABAIAAAP///////yH5BAEKAAEALAAAAAABAAEAAAICTAEAOw=="
"Qaumi Insaaf Morcha digs in, pitches tents at Mohali's Sohana crossing",Times of India,1 month ago,2023-04-12 12:40:20.991538,"10 cops, 1 civilian killed in blast carried out by Maoists in Chhattisgarh's Dantewada · Why no FIR against Brij Bhushan Sharan Singh, Supreme Court asks Delhi...",https://m.timesofindia.com/city/chandigarh/morcha-digs-in-pitches-tents-at-sohana-crossing/articleshow/98847242.cms,"data:image/gif;base64,R0lGODlhAQABAIAAAP///////yH5BAEKAAEALAAAAAABAAEAAAICTAEAOw=="
Udaipur cops arrest over 750 criminals in raids over past 2 days,Times of India,1 month ago,2023-04-12 12:40:21.002710,"Trending Stories. Why no FIR against Brij Bhushan Sharan Singh, Supreme Court asks Delhi police · Yogi Adityanath receives death threat, police register FIR.",https://m.timesofindia.com/city/jaipur/udaipur-cops-arrest-over-750-criminals-in-raids-over-past-2-days/articleshow/98847039.cms,"data:image/gif;base64,R0lGODlhAQABAIAAAP///////yH5BAEKAAEALAAAAAABAAEAAAICTAEAOw=="
"Crop ruined by hail, farmer dies from shock in Madhya Pradesh",Times of India,1 month ago,2023-04-12 12:40:21.013736,"Trending Stories. Why no FIR against Brij Bhushan Sharan Singh, Supreme Court asks Delhi police · Yogi Adityanath receives death threat, police register FIR.",https://m.timesofindia.com/city/bhopal/crop-ruined-by-hail-farmer-dies-from-shock/articleshow/98846684.cms,"data:image/gif;base64,R0lGODlhAQABAIAAAP///////yH5BAEKAAEALAAAAAABAAEAAAICTAEAOw=="
New Zealand Olympic runner Zane Robertson slapped with eight-year ban,The Indian Express,1 month ago,2023-04-12 12:40:21.024809,"Brij Bhushan Sharan Singh at his residence · Probing allegations against Brij Bhushan, in January, Govt had flagged th... Robertson is banned from...",https://indianexpress.com/article/sports/sport-others/new-zealand-olympic-runner-zane-robertson-slapped-with-eight-year-ban-8511474/,"data:image/gif;base64,R0lGODlhAQABAIAAAP///////yH5BAEKAAEALAAAAAABAAEAAAICTAEAOw=="
"Have to make it Punjab again, not Afghanistan: Bhagwant Mann",Times of India,1 month ago,2023-04-12 12:40:27.135490,"Why no FIR against Brij Bhushan Sharan Singh, Supreme Court asks Delhi police. Yogi Adityanath receives death threat, police register FIR.",https://m.timesofindia.com/city/chandigarh/have-to-make-it-punjab-again-not-afghanistan-bhagwant-mann/articleshow/98984649.cms,"data:image/gif;base64,R0lGODlhAQABAIAAAP///////yH5BAEKAAEALAAAAAABAAEAAAICTAEAOw=="
"Modi pays tributes to freedom fighters Bhagat Singh, Sukhdev ...",Deccan Chronicle,1 month ago,2023-04-12 12:40:27.116020,"March 23 is observed as Shaheed Diwas to pay tribute to Indian revolutionaries Bhagat Singh, Rajguru and Sukhdev, who were hanged by the British Government in...",https://www.deccanchronicle.com/nation/in-other-news/230323/modi-pays-tributes-to-freedom-fighters-bhagat-singh-sukhdev-and-rajg.html,"data:image/gif;base64,R0lGODlhAQABAIAAAP///////yH5BAEKAAEALAAAAAABAAEAAAICTAEAOw=="
"Will rallyists be booked under NSA, asks BJP",Times of India,1 month ago,2023-04-12 12:40:27.096480,"Releasing a photo of Harpreet Singh Randhawa alias Rinku Randhawa with Congress leaders, former minister and BJP spokesperson Rajesh Munat expressed...",https://m.timesofindia.com/city/raipur/will-rallyists-be-booked-under-nsa-asks-bjp/articleshow/98956494.cms,"data:image/gif;base64,R0lGODlhAQABAIAAAP///////yH5BAEKAAEALAAAAAABAAEAAAICTAEAOw=="
"Punjab Human Rights Organisation demands investigations into arrival, rise of Amritpal Singh",Times of India,1 month ago,2023-04-12 12:40:27.075444,PHRO principal investigator Sarabjit Singh said that the whole episode appears to be a dubious one and now the unprecedented delay in the arrest of Amritpal has...,https://m.timesofindia.com/city/amritsar/punjab-human-rights-organisation-demands-investigations-into-arrival-and-rise-of-amritpal-singh/articleshow/98944323.cms,"data:image/gif;base64,R0lGODlhAQABAIAAAP///////yH5BAEKAAEALAAAAAABAAEAAAICTAEAOw=="
"NCB destroys contraband, observes Drug Disposal Day",Times of India,1 month ago,2023-04-12 12:40:27.055439,"Amanjit Singh IRS, zonal director NCB said, ""The event was observed at Rainbow Environments Private Limited at Mohali & during this event NCB's Chandigarh...",https://m.timesofindia.com/city/chandigarh/ncb-destroys-contraband-observes-drug-disposal-day/articleshow/98988819.cms,"data:image/gif;base64,R0lGODlhAQABAIAAAP///////yH5BAEKAAEALAAAAAABAAEAAAICTAEAOw=="
Jammu couple held over Amritpal Singh links,Times of India,1 month ago,2023-04-12 12:40:27.036138,"Trending Stories. Why no FIR against Brij Bhushan Sharan Singh, Supreme Court asks Delhi police · Yogi Adityanath receives death threat, police register FIR.",https://m.timesofindia.com/city/chandigarh/jammu-couple-held-over-amritpal-singh-links/articleshow/99007647.cms,"data:image/gif;base64,R0lGODlhAQABAIAAAP///////yH5BAEKAAEALAAAAAABAAEAAAICTAEAOw=="
"Manu Bhaker ends 2-year medal drought, shoots bronze at ISSF World Cup",Times of India,1 month ago,2023-04-12 12:40:27.016500,"Manu Bhaker ends 2-year medal drought, shoots bronze at ISSF World Cup. City / Ramendra Singh / TNN / Updated: Mar 26, 2023, 10:54 IST.",https://m.timesofindia.com/city/bhopal/manu-bhaker-ends-2-year-medal-drought-shoots-bronze-at-issf-world-cup/articleshow/99006712.cms,"data:image/gif;base64,R0lGODlhAQABAIAAAP///////yH5BAEKAAEALAAAAAABAAEAAAICTAEAOw=="
ISSF World Cup Rifle/Pistol Bhopal: Varun-Rhythm win mixed ...,Khel Now,1 month ago,2023-04-12 12:40:26.996920,IOA chief PT Usha terms wrestlers' protest as 'gross indiscipline' · Revealed: Why wrestlers have resumed their protest against WFI president Brij Bhushan Sharan...,https://khelnow.com/shooting/2023-03-shooting-issf-world-cup-rifle-pistol-bhopal-rudrankksh-patil-narmada-nithin-bronze-rhythm-sangwan-varun-tomar-bronze,"data:image/gif;base64,R0lGODlhAQABAIAAAP///////yH5BAEKAAEALAAAAAABAAEAAAICTAEAOw=="
Gritty Kaur Samra clinches 50m 3P bronze as Anjum Moudgil fails to impress in shooting WC,The Indian Express,1 month ago,2023-04-12 12:40:26.976909,"Brij Bhushan Sharan Singh at his residence. Probing allegations against Brij Bhushan, in January, Govt had flagged th.",https://indianexpress.com/article/sports/sport-others/gritty-kaur-samra-clinches-50m-3p-bronze-as-anjum-fails-to-impress-in-shooting-wc-8520002/,"data:image/gif;base64,R0lGODlhAQABAIAAAP///////yH5BAEKAAEALAAAAAABAAEAAAICTAEAOw=="
"Woman held from Haryana's Shahabad for 'providing shelter to Amritpal Singh, his aide'",Times of India,1 month ago,2023-04-12 12:40:26.956140,"The woman has been identified as Baljit Kaur, who lived in Sidharth Colony of Shahabad-Markanda town of Kurukshetra district. SHAHABAD (...",https://m.timesofindia.com/city/chandigarh/woman-held-from-haryanas-shahabad-on-suspicion-of-providing-shelter-to-amritpal-singh-his-aide/articleshow/98943767.cms,"data:image/gif;base64,R0lGODlhAQABAIAAAP///////yH5BAEKAAEALAAAAAABAAEAAAICTAEAOw=="
"Have to make it Punjab again, not Afghanistan: Bhagwant Mann",Times of India,1 month ago,2023-04-12 12:40:21.599984,"Why no FIR against Brij Bhushan Sharan Singh, Supreme Court asks Delhi police. Yogi Adityanath receives death threat, police register FIR.",https://m.timesofindia.com/city/chandigarh/have-to-make-it-punjab-again-not-afghanistan-bhagwant-mann/articleshow/98984649.cms,"data:image/gif;base64,R0lGODlhAQABAIAAAP///////yH5BAEKAAEALAAAAAABAAEAAAICTAEAOw=="
"Modi pays tributes to freedom fighters Bhagat Singh, Sukhdev ...",Deccan Chronicle,1 month ago,2023-04-12 12:40:21.589243,"March 23 is observed as Shaheed Diwas to pay tribute to Indian revolutionaries Bhagat Singh, Rajguru and Sukhdev, who were hanged by the British Government in...",https://www.deccanchronicle.com/nation/in-other-news/230323/modi-pays-tributes-to-freedom-fighters-bhagat-singh-sukhdev-and-rajg.html,"data:image/gif;base64,R0lGODlhAQABAIAAAP///////yH5BAEKAAEALAAAAAABAAEAAAICTAEAOw=="
"Will rallyists be booked under NSA, asks BJP",Times of India,1 month ago,2023-04-12 12:40:21.578581,"Releasing a photo of Harpreet Singh Randhawa alias Rinku Randhawa with Congress leaders, former minister and BJP spokesperson Rajesh Munat expressed...",https://m.timesofindia.com/city/raipur/will-rallyists-be-booked-under-nsa-asks-bjp/articleshow/98956494.cms,"data:image/gif;base64,R0lGODlhAQABAIAAAP///////yH5BAEKAAEALAAAAAABAAEAAAICTAEAOw=="
"Punjab Human Rights Organisation demands investigations into arrival, rise of Amritpal Singh",Times of India,1 month ago,2023-04-12 12:40:21.567670,PHRO principal investigator Sarabjit Singh said that the whole episode appears to be a dubious one and now the unprecedented delay in the arrest of Amritpal has...,https://m.timesofindia.com/city/amritsar/punjab-human-rights-organisation-demands-investigations-into-arrival-and-rise-of-amritpal-singh/articleshow/98944323.cms,"data:image/gif;base64,R0lGODlhAQABAIAAAP///////yH5BAEKAAEALAAAAAABAAEAAAICTAEAOw=="
"NCB destroys contraband, observes Drug Disposal Day",Times of India,1 month ago,2023-04-12 12:40:21.555877,"Amanjit Singh IRS, zonal director NCB said, ""The event was observed at Rainbow Environments Private Limited at Mohali & during this event NCB's Chandigarh...",https://m.timesofindia.com/city/chandigarh/ncb-destroys-contraband-observes-drug-disposal-day/articleshow/98988819.cms,"data:image/gif;base64,R0lGODlhAQABAIAAAP///////yH5BAEKAAEALAAAAAABAAEAAAICTAEAOw=="
Jammu couple held over Amritpal Singh links,Times of India,1 month ago,2023-04-12 12:40:21.544860,"Trending Stories. Why no FIR against Brij Bhushan Sharan Singh, Supreme Court asks Delhi police · Yogi Adityanath receives death threat, police register FIR.",https://m.timesofindia.com/city/chandigarh/jammu-couple-held-over-amritpal-singh-links/articleshow/99007647.cms,"data:image/gif;base64,R0lGODlhAQABAIAAAP///////yH5BAEKAAEALAAAAAABAAEAAAICTAEAOw=="
"Manu Bhaker ends 2-year medal drought, shoots bronze at ISSF World Cup",Times of India,1 month ago,2023-04-12 12:40:21.533584,"Manu Bhaker ends 2-year medal drought, shoots bronze at ISSF World Cup. City / Ramendra Singh / TNN / Updated: Mar 26, 2023, 10:54 IST.",https://m.timesofindia.com/city/bhopal/manu-bhaker-ends-2-year-medal-drought-shoots-bronze-at-issf-world-cup/articleshow/99006712.cms,"data:image/gif;base64,R0lGODlhAQABAIAAAP///////yH5BAEKAAEALAAAAAABAAEAAAICTAEAOw=="
ISSF World Cup Rifle/Pistol Bhopal: Varun-Rhythm win mixed ...,Khel Now,1 month ago,2023-04-12 12:40:21.522336,IOA chief PT Usha terms wrestlers' protest as 'gross indiscipline' · Revealed: Why wrestlers have resumed their protest against WFI president Brij Bhushan Sharan...,https://khelnow.com/shooting/2023-03-shooting-issf-world-cup-rifle-pistol-bhopal-rudrankksh-patil-narmada-nithin-bronze-rhythm-sangwan-varun-tomar-bronze,"data:image/gif;base64,R0lGODlhAQABAIAAAP///////yH5BAEKAAEALAAAAAABAAEAAAICTAEAOw=="
Gritty Kaur Samra clinches 50m 3P bronze as Anjum Moudgil fails to impress in shooting WC,The Indian Express,1 month ago,2023-04-12 12:40:21.510695,"Brij Bhushan Sharan Singh at his residence. Probing allegations against Brij Bhushan, in January, Govt had flagged th.",https://indianexpress.com/article/sports/sport-others/gritty-kaur-samra-clinches-50m-3p-bronze-as-anjum-fails-to-impress-in-shooting-wc-8520002/,"data:image/gif;base64,R0lGODlhAQABAIAAAP///////yH5BAEKAAEALAAAAAABAAEAAAICTAEAOw=="
"Woman held from Haryana's Shahabad for 'providing shelter to Amritpal Singh, his aide'",Times of India,1 month ago,2023-04-12 12:40:21.498769,"The woman has been identified as Baljit Kaur, who lived in Sidharth Colony of Shahabad-Markanda town of Kurukshetra district. SHAHABAD (...",https://m.timesofindia.com/city/chandigarh/woman-held-from-haryanas-shahabad-on-suspicion-of-providing-shelter-to-amritpal-singh-his-aide/articleshow/98943767.cms,"data:image/gif;base64,R0lGODlhAQABAIAAAP///////yH5BAEKAAEALAAAAAABAAEAAAICTAEAOw=="
Manipur to ink deal with AIFF to set up football academy,Times of India,1 month ago,2023-04-12 12:40:32.504758,"Addressing a packed Khuman Lampak stadium during the inauguration of the Tri-Nation International Tournament on Wednesday evening, chief minister N Biren Singh,...",https://m.timesofindia.com/city/imphal/manipur-to-ink-deal-with-aiff-to-set-up-football-academy/articleshow/98956892.cms,"data:image/gif;base64,R0lGODlhAQABAIAAAP///////yH5BAEKAAEALAAAAAABAAEAAAICTAEAOw=="
Haryana chief minister Manohar Lal Kahttar pays tribute to martyrs at National War Memorial in Delhi,Times of India,1 month ago,2023-04-12 12:40:32.516989,"The visit was to mark Martyrdom Day (Shaheed Diwas) of Shaheed Bhagat Singh, Rajguru and Sukhdev. GURGAON: Chief minister Manohar Lal Kahttar along with cabinet...",https://m.timesofindia.com/city/gurgaon/haryana-chief-minister-manohar-lal-kahttar-pays-tribute-to-martyrs-at-national-war-memorial-in-delhi/articleshow/98976700.cms,"data:image/gif;base64,R0lGODlhAQABAIAAAP///////yH5BAEKAAEALAAAAAABAAEAAAICTAEAOw=="
"4 killed, 10 critical after MUV, bus collide in Ferozepur",Times of India,1 month ago,2023-04-12 12:40:32.528971,Punjab school education minister Harjot Singh Bains has expressed profound grief over the death of three teachers and a driver in the mishap. He extended...,https://m.timesofindia.com/city/chandigarh/4-killed-10-critical-after-muv-bus-collide-in-ferozepur/articleshow/98987448.cms,"data:image/gif;base64,R0lGODlhAQABAIAAAP///////yH5BAEKAAEALAAAAAABAAEAAAICTAEAOw=="
40-yr-old gets life term for killing brother,Times of India,1 month ago,2023-04-12 12:40:32.540789,"Why no FIR against Brij Bhushan Sharan Singh, Supreme Court asks Delhi police. Yogi Adityanath receives death threat, police register FIR.",https://m.timesofindia.com/city/hyderabad/40-yr-old-gets-life-term-for-killing-brother/articleshow/98956180.cms,"data:image/gif;base64,R0lGODlhAQABAIAAAP///////yH5BAEKAAEALAAAAAABAAEAAAICTAEAOw=="
"Soon, policy to promote local festivals, 'lab on wheels' service in Uttarakhand",Times of India,1 month ago,2023-04-12 12:40:32.552401,"DEHRADUN: The Pushkar Singh Dhami government completed one year in office on Thursday and on the occasion, the CM made 16 announcements, which included a 50...",https://m.timesofindia.com/city/dehradun/soon-policy-to-promote-local-festivals-lab-on-wheels-service-in-uttarakhand/articleshow/98954883.cms,"data:image/gif;base64,R0lGODlhAQABAIAAAP///////yH5BAEKAAEALAAAAAABAAEAAAICTAEAOw=="
"It’s time for farmer fairs at Punjab Agricultural University, Gadvasu",Times of India,1 month ago,2023-04-12 12:40:32.564270,"Punjab agriculture minister Kuldeep Singh Dhaliwal will inaugurate the event, which would be presided over by PAU VC Satbir Singh Gosal and Gadvasu VC...",https://m.timesofindia.com/city/ludhiana/its-time-for-farmer-fairs-at-pau-gadvasu/articleshow/98956784.cms,"data:image/gif;base64,R0lGODlhAQABAIAAAP///////yH5BAEKAAEALAAAAAABAAEAAAICTAEAOw=="
Ex-WWE chief Vincent McMahon pays back $17.4 million in investigation costs,The Indian Express,1 month ago,2023-04-12 12:40:32.575942,"Brij Bhushan Sharan Singh at his residence · Probing allegations against Brij Bhushan, in January, Govt had flagged th.",https://indianexpress.com/article/sports/sport-others/ex-wwe-chief-vincent-mcmahon-pays-back-17-4-million-in-investigation-costs-8517950/,"data:image/gif;base64,R0lGODlhAQABAIAAAP///////yH5BAEKAAEALAAAAAABAAEAAAICTAEAOw=="
Goof-up: Russian anthem played incorrectly at World Championships,The Indian Express,1 month ago,2023-04-12 12:40:32.588466,"... against WFI chief Brij Bhushan · Wrestlers Protest Live Updates: Wrestlers accept SC decision, announce pr... Brij Bhushan Sharan Singh at his residence.",https://indianexpress.com/article/sports/sport-others/goof-up-russian-anthem-played-incorrectly-at-world-championships-8518995/,"data:image/gif;base64,R0lGODlhAQABAIAAAP///////yH5BAEKAAEALAAAAAABAAEAAAICTAEAOw=="
Ravideep Singh Sahi is new chief of CRPF South Zone,Times of India,1 month ago,2023-04-12 12:40:32.599790,"Why no FIR against Brij Bhushan Sharan Singh, Supreme Court asks Delhi police · Yogi Adityanath receives death threat, police register FIR.",https://m.timesofindia.com/city/hyderabad/ravideep-singh-sahi-is-new-chief-of-crpf-south-zone/articleshow/98954569.cms,"data:image/gif;base64,R0lGODlhAQABAIAAAP///////yH5BAEKAAEALAAAAAABAAEAAAICTAEAOw=="
Kin to make memorial for slain poet Pash,Times of India,1 month ago,2023-04-12 12:40:32.611217,"About the Author ; Why no FIR against Brij Bhushan Sharan Singh, Supreme Court asks Delhi police ; Yogi Adityanath receives death threat, police register FIR.",https://m.timesofindia.com/city/chandigarh/kin-to-make-memorial-for-slain-poet-pash/articleshow/98956852.cms,"data:image/gif;base64,R0lGODlhAQABAIAAAP///////yH5BAEKAAEALAAAAAABAAEAAAICTAEAOw=="
Injured tiger that killed 2 men rescued,Times of India,1 month ago,2023-04-12 12:40:38.738669,"10 cops, 1 civilian killed in blast carried out by Maoists in Chhattisgarh's Dantewada · Why no FIR against Brij Bhushan Sharan Singh, Supreme Court asks...",https://m.timesofindia.com/city/raipur/injured-tiger-that-killed-2-men-rescued/articleshow/99076294.cms,"data:image/gif;base64,R0lGODlhAQABAIAAAP///////yH5BAEKAAEALAAAAAABAAEAAAICTAEAOw=="
One dead as car rams into pole,Tribune India,1 month ago,2023-04-12 12:40:38.719125,Wrestlers set May 21 deadline for WFI chief Brij Bhushan Sharan Singh's arrest; ... Wrestlers set May 21 deadline for WFI chief Brij Bhushan Sharan Singh's...,https://www.tribuneindia.com/news/haryana/one-dead-as-car-rams-into-pole-492131,"data:image/gif;base64,R0lGODlhAQABAIAAAP///////yH5BAEKAAEALAAAAAABAAEAAAICTAEAOw=="
Indian Embassy requests Nepal govt to arrest Amritpal Singh if ...,UNITED NEWS OF INDIA,1 month ago,2023-04-12 12:40:38.699279,"... the petition filed by 7 women wrestlers, on whose sexual harassment complaint FIRs have been registered against WFI president Brij Bhushan Sharan Singh.",http://www.uniindia.com/indian-embassy-requests-nepal-govt-to-arrest-amritpal-singh-if-he-tries-to-flee/india/news/2941738.html,"data:image/gif;base64,R0lGODlhAQABAIAAAP///////yH5BAEKAAEALAAAAAABAAEAAAICTAEAOw=="
"Himachal CM Sukhvinder Singh Sukhu: ‘This is a battle to save democracy, not Rahul Gandhi’s individual battle’",The Indian Express,1 month ago,2023-04-12 12:40:38.679619,"Himachal Pradesh Chief Minister Sukhvinder Singh Sukhu, 59, is actively campaigning to oppose disqualification of Rahul Gandhi from Parliament.",https://indianexpress.com/article/political-pulse/himachal-pradesh-cm-sukhvinder-singh-sukhu-interview-battle-save-democracy-rahul-gandhi-8527256/,"data:image/gif;base64,R0lGODlhAQABAIAAAP///////yH5BAEKAAEALAAAAAABAAEAAAICTAEAOw=="
Archana claims sprint double in Indian GP2,The Indian Express,1 month ago,2023-04-12 12:40:38.659780,Wrestlers Protest Live Updates: Grapplers form two committees to decide f... Brij Bhushan Sharan Singh at his residence · Probing allegations against Brij...,https://indianexpress.com/article/sports/sport-others/archana-claims-sprint-double-in-indian-gp2-8522379/,"data:image/gif;base64,R0lGODlhAQABAIAAAP///////yH5BAEKAAEALAAAAAABAAEAAAICTAEAOw=="
'Getting an ass to run a horse's race...' Hardeep Singh Puri's pulls no punches commenting on Rahul Gandh,Times of India,1 month ago,2023-04-12 12:40:38.640407,"Trending Stories. In India. Entire Website. Why no FIR against Brij Bhushan Sharan Singh, Supreme Court asks...",https://timesofindia.indiatimes.com/india/getting-an-ass-to-run-a-horses-race-hardeep-singh-puris-pulls-no-punches-commenting-on-rahul-gandhi/articleshow/99029799.cms,"data:image/gif;base64,R0lGODlhAQABAIAAAP///////yH5BAEKAAEALAAAAAABAAEAAAICTAEAOw=="
"India and Africa face common threats like terrorism, collective experience helpful to deal with emerging",Times of India,1 month ago,2023-04-12 12:40:38.620008,"Why no FIR against Brij Bhushan Sharan Singh, Supreme Court asks Delhi police ... How radical preacher Amritpal Singh was arrestedindia.",https://m.timesofindia.com/india/india-and-africa-face-common-threats-like-terrorism-collective-experience-helpful-to-deal-with-emerging-security-threats-army-chief-pande/articleshow/99051856.cms,"data:image/gif;base64,R0lGODlhAQABAIAAAP///////yH5BAEKAAEALAAAAAABAAEAAAICTAEAOw=="
FIR against Waris Punjab De chief Amritpal’s aide Varinder Singh,Times of India,1 month ago,2023-04-12 12:40:38.600042,RelatedVideos ... Supreme Court asks Delhi police - Why no FIR against WFI chief Brij Bhushan...,https://timesofindia.indiatimes.com/videos/news/fir-against-waris-punjab-de-chief-amritpals-aide-varinder-singh/videoshow/99104194.cms,"data:image/gif;base64,R0lGODlhAQABAIAAAP///////yH5BAEKAAEALAAAAAABAAEAAAICTAEAOw=="
Free all Amritpal aides in 24 hours: Akal Takht jathedar to Punjab government,Times of India,1 month ago,2023-04-12 12:40:38.580025,"AMRITSAR: Akal Takht jathedar Giani Harpreet Singh, who had convened a meeting of panthic organisations on Monday, issued a 24-hour ultimatum for the...",https://m.timesofindia.com/city/amritsar/free-all-amritpal-aides-in-24-hours-akal-takht-jathedar-to-punjab-government/articleshow/99045971.cms,"data:image/gif;base64,R0lGODlhAQABAIAAAP///////yH5BAEKAAEALAAAAAABAAEAAAICTAEAOw=="
New CCTV footage shows fugitive Amritpal Singh without turban,The Federal News,1 month ago,2023-04-12 12:40:38.558583,"A new video of Amritpal Singh with his key aide Papalpreet Singh surfaced on social media on Tuesday, showing the pro-Khalistan preacher without a turban...",https://thefederal.com/news/new-cctv-footage-shows-fugitive-amritpal-singh-without-turban/,"data:image/gif;base64,R0lGODlhAQABAIAAAP///////yH5BAEKAAEALAAAAAABAAEAAAICTAEAOw=="
Injured tiger that killed 2 men rescued,Times of India,1 month ago,2023-04-12 12:40:33.197787,"10 cops, 1 civilian killed in blast carried out by Maoists in Chhattisgarh's Dantewada · Why no FIR against Brij Bhushan Sharan Singh, Supreme Court asks...",https://m.timesofindia.com/city/raipur/injured-tiger-that-killed-2-men-rescued/articleshow/99076294.cms,"data:image/gif;base64,R0lGODlhAQABAIAAAP///////yH5BAEKAAEALAAAAAABAAEAAAICTAEAOw=="
One dead as car rams into pole,Tribune India,1 month ago,2023-04-12 12:40:33.186707,Wrestlers set May 21 deadline for WFI chief Brij Bhushan Sharan Singh's arrest; ... Wrestlers set May 21 deadline for WFI chief Brij Bhushan Sharan Singh's...,https://www.tribuneindia.com/news/haryana/one-dead-as-car-rams-into-pole-492131,"data:image/gif;base64,R0lGODlhAQABAIAAAP///////yH5BAEKAAEALAAAAAABAAEAAAICTAEAOw=="
Indian Embassy requests Nepal govt to arrest Amritpal Singh if ...,UNITED NEWS OF INDIA,1 month ago,2023-04-12 12:40:33.175421,"... the petition filed by 7 women wrestlers, on whose sexual harassment complaint FIRs have been registered against WFI president Brij Bhushan Sharan Singh.",http://www.uniindia.com/indian-embassy-requests-nepal-govt-to-arrest-amritpal-singh-if-he-tries-to-flee/india/news/2941738.html,"data:image/gif;base64,R0lGODlhAQABAIAAAP///////yH5BAEKAAEALAAAAAABAAEAAAICTAEAOw=="
"Himachal CM Sukhvinder Singh Sukhu: ‘This is a battle to save democracy, not Rahul Gandhi’s individual battle’",The Indian Express,1 month ago,2023-04-12 12:40:33.163926,"Himachal Pradesh Chief Minister Sukhvinder Singh Sukhu, 59, is actively campaigning to oppose disqualification of Rahul Gandhi from Parliament.",https://indianexpress.com/article/political-pulse/himachal-pradesh-cm-sukhvinder-singh-sukhu-interview-battle-save-democracy-rahul-gandhi-8527256/,"data:image/gif;base64,R0lGODlhAQABAIAAAP///////yH5BAEKAAEALAAAAAABAAEAAAICTAEAOw=="
Archana claims sprint double in Indian GP2,The Indian Express,1 month ago,2023-04-12 12:40:33.151464,Wrestlers Protest Live Updates: Grapplers form two committees to decide f... Brij Bhushan Sharan Singh at his residence · Probing allegations against Brij...,https://indianexpress.com/article/sports/sport-others/archana-claims-sprint-double-in-indian-gp2-8522379/,"data:image/gif;base64,R0lGODlhAQABAIAAAP///////yH5BAEKAAEALAAAAAABAAEAAAICTAEAOw=="
'Getting an ass to run a horse's race...' Hardeep Singh Puri's pulls no punches commenting on Rahul Gandh,Times of India,1 month ago,2023-04-12 12:40:33.140331,"Trending Stories. In India. Entire Website. Why no FIR against Brij Bhushan Sharan Singh, Supreme Court asks...",https://timesofindia.indiatimes.com/india/getting-an-ass-to-run-a-horses-race-hardeep-singh-puris-pulls-no-punches-commenting-on-rahul-gandhi/articleshow/99029799.cms,"data:image/gif;base64,R0lGODlhAQABAIAAAP///////yH5BAEKAAEALAAAAAABAAEAAAICTAEAOw=="
"India and Africa face common threats like terrorism, collective experience helpful to deal with emerging",Times of India,1 month ago,2023-04-12 12:40:33.129232,"Why no FIR against Brij Bhushan Sharan Singh, Supreme Court asks Delhi police ... How radical preacher Amritpal Singh was arrestedindia.",https://m.timesofindia.com/india/india-and-africa-face-common-threats-like-terrorism-collective-experience-helpful-to-deal-with-emerging-security-threats-army-chief-pande/articleshow/99051856.cms,"data:image/gif;base64,R0lGODlhAQABAIAAAP///////yH5BAEKAAEALAAAAAABAAEAAAICTAEAOw=="
FIR against Waris Punjab De chief Amritpal’s aide Varinder Singh,Times of India,1 month ago,2023-04-12 12:40:33.117968,RelatedVideos ... Supreme Court asks Delhi police - Why no FIR against WFI chief Brij Bhushan...,https://timesofindia.indiatimes.com/videos/news/fir-against-waris-punjab-de-chief-amritpals-aide-varinder-singh/videoshow/99104194.cms,"data:image/gif;base64,R0lGODlhAQABAIAAAP///////yH5BAEKAAEALAAAAAABAAEAAAICTAEAOw=="
Free all Amritpal aides in 24 hours: Akal Takht jathedar to Punjab government,Times of India,1 month ago,2023-04-12 12:40:33.104364,"AMRITSAR: Akal Takht jathedar Giani Harpreet Singh, who had convened a meeting of panthic organisations on Monday, issued a 24-hour ultimatum for the...",https://m.timesofindia.com/city/amritsar/free-all-amritpal-aides-in-24-hours-akal-takht-jathedar-to-punjab-government/articleshow/99045971.cms,"data:image/gif;base64,R0lGODlhAQABAIAAAP///////yH5BAEKAAEALAAAAAABAAEAAAICTAEAOw=="
New CCTV footage shows fugitive Amritpal Singh without turban,The Federal News,1 month ago,2023-04-12 12:40:33.092567,"A new video of Amritpal Singh with his key aide Papalpreet Singh surfaced on social media on Tuesday, showing the pro-Khalistan preacher without a turban...",https://thefederal.com/news/new-cctv-footage-shows-fugitive-amritpal-singh-without-turban/,"data:image/gif;base64,R0lGODlhAQABAIAAAP///////yH5BAEKAAEALAAAAAABAAEAAAICTAEAOw=="
Hunt on for Amritpal Singh: Akal Takht jathedar issues ultimatum to Punjab government,Times of India,1 month ago,2023-04-12 12:40:44.273802,"Akal Takht jathedar Giani Harpreet Singh, who had convened a meeting of panthic organisations on Monday, issued a 24-hour ultimatum for the release of all...",https://m.timesofindia.com/videos/toi-original/hunt-on-for-amritpal-singh-akal-takht-jathedar-issues-ultimatum-to-punjab-government/videoshow/99060629.cms,"data:image/gif;base64,R0lGODlhAQABAIAAAP///////yH5BAEKAAEALAAAAAABAAEAAAICTAEAOw=="
iPhone 15 pro to feature multi-use action button instead of ...,Rising Kashmir,1 month ago,2023-04-12 12:40:44.262740,Will register FIR today over complaints of wrestlers against Brij Bhushan Sharan Singh: Delhi Police to SC · Newly-appointed Indian Men's Hockey Chief Coach...,http://risingkashmir.com/iphone-15-pro-to-feature-multi-use-action-button-instead-of-mute-switch,"data:image/gif;base64,R0lGODlhAQABAIAAAP///////yH5BAEKAAEALAAAAAABAAEAAAICTAEAOw=="
Experts reckon Peter Bol alleged botched test could have “potentially massive” global ramifications: Guardian,The Indian Express,1 month ago,2023-04-12 12:40:44.251652,"3Probing allegations against Brij Bhushan, in January, Govt had flagged the need for federations to comply ... Brij Bhushan Sharan Singh at his residence.",https://indianexpress.com/article/sports/sport-others/experts-reckon-peter-bol-alleged-botched-test-could-have-potentially-massive-global-ramifications-guardian-8527320/,"data:image/gif;base64,R0lGODlhAQABAIAAAP///////yH5BAEKAAEALAAAAAABAAEAAAICTAEAOw=="
Union seeks action against Periyar University VC,Times of India,1 month ago,2023-04-12 12:40:44.240601,"Why no FIR against Brij Bhushan Sharan Singh, Supreme Court asks Delhi police. Yogi Adityanath receives death threat, police register FIR.",https://m.timesofindia.com/city/coimbatore/union-seeks-action-against-periyar-univ-vc/articleshow/99048967.cms,"data:image/gif;base64,R0lGODlhAQABAIAAAP///////yH5BAEKAAEALAAAAAABAAEAAAICTAEAOw=="
Sebi clears ASBA-like facility for stock trades,Times of India,1 month ago,2023-04-12 12:40:44.228736,"Why no FIR against Brij Bhushan Sharan Singh, Supreme Court asks Delhi police ... Singh Badal DeathSame Sex MarriagePM Modi in KeralaBrij BhushanKedarnath...",https://m.timesofindia.com/city/mumbai/sebi-clears-asba-like-facility-for-stock-trades/articleshow/99103762.cms,"data:image/gif;base64,R0lGODlhAQABAIAAAP///////yH5BAEKAAEALAAAAAABAAEAAAICTAEAOw=="
IBA says IOC misused information about its officials,The Indian Express,1 month ago,2023-04-12 12:40:44.217457,"Brij Bhushan Sharan Singh at his residence. Probing allegations against Brij Bhushan, in January, Govt had flagged th... Boxing is not on the initial...",https://indianexpress.com/article/sports/sport-others/iba-says-ioc-misused-information-about-its-officials-8522423/,"data:image/gif;base64,R0lGODlhAQABAIAAAP///////yH5BAEKAAEALAAAAAABAAEAAAICTAEAOw=="
"Table tennis plans to allow Russian paddlers back, ITTF says it’s acting on IOC’s advice",The Indian Express,1 month ago,2023-04-12 12:40:44.206287,"Brij Bhushan Sharan Singh at his residence · Probing allegations against Brij Bhushan, in January, Govt had flagged th.",https://indianexpress.com/article/sports/sport-others/table-tennis-plans-to-allow-russian-paddlers-back-ittf-says-its-acting-on-iocs-advice-8529001/,"data:image/gif;base64,R0lGODlhAQABAIAAAP///////yH5BAEKAAEALAAAAAABAAEAAAICTAEAOw=="
"Deadly fire erupts in Mexican immigration detention center: Migrants protest deportation, dozens killed",Times of India,1 month ago,2023-04-12 12:40:44.194851,Brij Bhushan Sharan Singh: 'Girls who have levelled allegations belonged to same 'akhada. 01:59. Brij Bhushan Sharan Singh: 'Girls who have levelled...,https://m.timesofindia.com/videos/toi-original/deadly-fire-erupts-in-mexican-immigration-detention-center-migrants-protest-deportation-dozens-killed/videoshow/99078074.cms,"data:image/gif;base64,R0lGODlhAQABAIAAAP///////yH5BAEKAAEALAAAAAABAAEAAAICTAEAOw=="
"BBC Punjabi’s Twitter account blocked, restored hours later",Tribune India,1 month ago,2023-04-12 12:40:44.182828,"The government had also withheld the Twitter accounts of Canadian politician Jagmeet Singh, poet Rupi Kaur, voluntary organisation United Sikhs,...",https://www.tribuneindia.com/news/punjab/bbc-punjabis-twitter-account-blocked-restored-hours-later-492120,"data:image/gif;base64,R0lGODlhAQABAIAAAP///////yH5BAEKAAEALAAAAAABAAEAAAICTAEAOw=="
"New UP BJP team charts out strategies for civic, Lok Sabha polls",Times of India,1 month ago,2023-04-12 12:40:44.170731,"10 cops, 1 civilian killed in blast carried out by Maoists in Chhattisgarh's Dantewada · Why no FIR against Brij Bhushan Sharan Singh, Supreme Court asks Delhi...",https://m.timesofindia.com/city/lucknow/new-bjp-team-charts-out-strategies-for-civic-ls-polls/articleshow/99104843.cms,"data:image/gif;base64,R0lGODlhAQABAIAAAP///////yH5BAEKAAEALAAAAAABAAEAAAICTAEAOw=="
Haryana CM Manohar Lal Khattar releases coffee table book ‘Sikh Business Leaders of India’,Times of India,1 month ago,2023-04-12 12:40:50.324402,"Why no FIR against Brij Bhushan Sharan Singh, Supreme Court asks Delhi police. Yogi Adityanath receives death threat, police register FIR.",https://m.timesofindia.com/city/gurgaon/haryana-cm-manohar-lal-khattar-releases-coffee-table-book-sikh-business-leaders-of-india/articleshow/99164215.cms,"data:image/gif;base64,R0lGODlhAQABAIAAAP///////yH5BAEKAAEALAAAAAABAAEAAAICTAEAOw=="
"'Rs 48,20,69,00,00,000 corruption under Congress rule': BJP releases first episode of 'Congress Files'",Times of India,1 month ago,2023-04-12 12:40:50.313064,"The government was led by Manmohan Singh, who turned a blind eye to all the corruption that kept on happening under his rule. In those days, papers were...",https://m.timesofindia.com/india/rs-4820690000000-corruption-under-congress-rule-bjp-releases-first-episode-of-congress-files/articleshow/99187778.cms,"data:image/gif;base64,R0lGODlhAQABAIAAAP///////yH5BAEKAAEALAAAAAABAAEAAAICTAEAOw=="
Paper leak case: Main accused BJP functionary held in Haridwar,Times of India,1 month ago,2023-04-12 12:40:50.301572,"Paper leak case: Main accused BJP functionary held in Haridwar ; Why no FIR against Brij Bhushan Sharan Singh, Supreme Court asks Delhi police ; Yogi Adityanath...",https://m.timesofindia.com/city/dehradun/paper-leak-case-main-accused-bjp-functionary-held-in-haridwar/articleshow/99180461.cms,"data:image/gif;base64,R0lGODlhAQABAIAAAP///////yH5BAEKAAEALAAAAAABAAEAAAICTAEAOw=="
Congress will come to power again in Rajasthan: CM Ashok Gehlot,Times of India,1 month ago,2023-04-12 12:40:50.286732,"10 cops, 1 civilian killed in blast carried out by Maoists in Chhattisgarh's Dantewada · Why no FIR against Brij Bhushan Sharan Singh, Supreme Court asks Delhi...",https://m.timesofindia.com/city/ajmer/congress-will-come-to-power-again-in-rajasthan-cm-ashok-gehlot/articleshow/99160955.cms,"data:image/gif;base64,R0lGODlhAQABAIAAAP///////yH5BAEKAAEALAAAAAABAAEAAAICTAEAOw=="
Sidhu Moose Wala’s dad Balkaur Singh says will highlight rising lawlessness in Punjab,Times of India,1 month ago,2023-04-12 12:40:50.275182,BATHINDA: Slain singer Sidhu Moose Wala's father Balkaur Singh on Sunday announced he would be campaigning for the May 10 Lok Sabha bypoll from Jalandhar...,https://m.timesofindia.com/city/chandigarh/moose-walas-dad-says-will-highlight-rising-lawlessness/articleshow/99199626.cms,"data:image/gif;base64,R0lGODlhAQABAIAAAP///////yH5BAEKAAEALAAAAAABAAEAAAICTAEAOw=="
“Punjab is waiting for him…” says Media Advisor as Navjot Sidhu slated to come out of jail,Times of India,1 month ago,2023-04-12 12:40:50.263564,"Navjot Singh Sidhu's Media Advisor Surinder Dalla on April 01 said that the whole of Punjab is waiting for Sidhu to come out of jail. He said, “Navjot Singh...",https://m.timesofindia.com/videos/news/punjab-is-waiting-for-him-says-media-advisor-as-navjot-sidhu-slated-to-come-out-of-jail/videoshow/99172683.cms,"data:image/gif;base64,R0lGODlhAQABAIAAAP///////yH5BAEKAAEALAAAAAABAAEAAAICTAEAOw=="
Punjab cabinet enhances crop compensation by 25 percent at ...,Tehelka,1 month ago,2023-04-12 12:40:50.251708,Why is Brij Bhushan Sharan Singh not being arrested despite POCSO Act charges: Sidhu · Kharge calls for reviving voice of workers on International Labour...,http://tehelka.com/punjab-cabinet-enhances-crop-compensation-by-25-percent-at-rs-15000-per-acre/,"data:image/gif;base64,R0lGODlhAQABAIAAAP///////yH5BAEKAAEALAAAAAABAAEAAAICTAEAOw=="
AAP slams reports of threat to CM’s daughter,Times of India,1 month ago,2023-04-12 12:40:50.239647,"AAP slams reports of threat to CM's daughter ; Why no FIR against Brij Bhushan Sharan Singh, Supreme Court asks Delhi police ; Yogi Adityanath receives death...",https://m.timesofindia.com/city/chandigarh/aap-slams-reports-of-threat-to-cms-daughter/articleshow/99160966.cms,"data:image/gif;base64,R0lGODlhAQABAIAAAP///////yH5BAEKAAEALAAAAAABAAEAAAICTAEAOw=="
"Peace, harmony Jalandhar bypoll plank: Shiromani Akali Dal",Times of India,1 month ago,2023-04-12 12:40:50.226824,"The core committee meeting, held under SAD chief Sukhbir Singh Badal, authorised the party president to select the candidate for the Jalandhar bypoll.",https://m.timesofindia.com/city/chandigarh/peace-harmony-jal-bypoll-plank-sad/articleshow/99181672.cms,"data:image/gif;base64,R0lGODlhAQABAIAAAP///////yH5BAEKAAEALAAAAAABAAEAAAICTAEAOw=="
"At Rajput mahapanchayat in Jaipur, Karni Sena pushes for higher EWS quota, welfare board",The Indian Express,1 month ago,2023-04-12 12:40:50.213588,"Among those who attended the event were BJP MP from Kaiserganj, UP, Brij Bhushan Sharan Singh and UP govt MoS Raghuraj Singh. Advertisement. Listen to this...",https://indianexpress.com/article/political-pulse/rajput-mahapanchayat-karni-sena-pushes-for-higher-ews-quota-welfare-board-8534123/,"data:image/gif;base64,R0lGODlhAQABAIAAAP///////yH5BAEKAAEALAAAAAABAAEAAAICTAEAOw=="
Haryana CM Manohar Lal Khattar releases coffee table book ‘Sikh Business Leaders of India’,Times of India,1 month ago,2023-04-12 12:40:44.886696,"Why no FIR against Brij Bhushan Sharan Singh, Supreme Court asks Delhi police. Yogi Adityanath receives death threat, police register FIR.",https://m.timesofindia.com/city/gurgaon/haryana-cm-manohar-lal-khattar-releases-coffee-table-book-sikh-business-leaders-of-india/articleshow/99164215.cms,"data:image/gif;base64,R0lGODlhAQABAIAAAP///////yH5BAEKAAEALAAAAAABAAEAAAICTAEAOw=="
"'Rs 48,20,69,00,00,000 corruption under Congress rule': BJP releases first episode of 'Congress Files'",Times of India,1 month ago,2023-04-12 12:40:44.875463,"The government was led by Manmohan Singh, who turned a blind eye to all the corruption that kept on happening under his rule. In those days, papers were...",https://m.timesofindia.com/india/rs-4820690000000-corruption-under-congress-rule-bjp-releases-first-episode-of-congress-files/articleshow/99187778.cms,"data:image/gif;base64,R0lGODlhAQABAIAAAP///////yH5BAEKAAEALAAAAAABAAEAAAICTAEAOw=="
Paper leak case: Main accused BJP functionary held in Haridwar,Times of India,1 month ago,2023-04-12 12:40:44.864526,"Paper leak case: Main accused BJP functionary held in Haridwar ; Why no FIR against Brij Bhushan Sharan Singh, Supreme Court asks Delhi police ; Yogi Adityanath...",https://m.timesofindia.com/city/dehradun/paper-leak-case-main-accused-bjp-functionary-held-in-haridwar/articleshow/99180461.cms,"data:image/gif;base64,R0lGODlhAQABAIAAAP///////yH5BAEKAAEALAAAAAABAAEAAAICTAEAOw=="
Congress will come to power again in Rajasthan: CM Ashok Gehlot,Times of India,1 month ago,2023-04-12 12:40:44.853001,"10 cops, 1 civilian killed in blast carried out by Maoists in Chhattisgarh's Dantewada · Why no FIR against Brij Bhushan Sharan Singh, Supreme Court asks Delhi...",https://m.timesofindia.com/city/ajmer/congress-will-come-to-power-again-in-rajasthan-cm-ashok-gehlot/articleshow/99160955.cms,"data:image/gif;base64,R0lGODlhAQABAIAAAP///////yH5BAEKAAEALAAAAAABAAEAAAICTAEAOw=="
Sidhu Moose Wala’s dad Balkaur Singh says will highlight rising lawlessness in Punjab,Times of India,1 month ago,2023-04-12 12:40:44.842039,BATHINDA: Slain singer Sidhu Moose Wala's father Balkaur Singh on Sunday announced he would be campaigning for the May 10 Lok Sabha bypoll from Jalandhar...,https://m.timesofindia.com/city/chandigarh/moose-walas-dad-says-will-highlight-rising-lawlessness/articleshow/99199626.cms,"data:image/gif;base64,R0lGODlhAQABAIAAAP///////yH5BAEKAAEALAAAAAABAAEAAAICTAEAOw=="
“Punjab is waiting for him…” says Media Advisor as Navjot Sidhu slated to come out of jail,Times of India,1 month ago,2023-04-12 12:40:44.830358,"Navjot Singh Sidhu's Media Advisor Surinder Dalla on April 01 said that the whole of Punjab is waiting for Sidhu to come out of jail. He said, “Navjot Singh...",https://m.timesofindia.com/videos/news/punjab-is-waiting-for-him-says-media-advisor-as-navjot-sidhu-slated-to-come-out-of-jail/videoshow/99172683.cms,"data:image/gif;base64,R0lGODlhAQABAIAAAP///////yH5BAEKAAEALAAAAAABAAEAAAICTAEAOw=="
Punjab cabinet enhances crop compensation by 25 percent at ...,Tehelka,1 month ago,2023-04-12 12:40:44.818558,Why is Brij Bhushan Sharan Singh not being arrested despite POCSO Act charges: Sidhu · Kharge calls for reviving voice of workers on International Labour...,http://tehelka.com/punjab-cabinet-enhances-crop-compensation-by-25-percent-at-rs-15000-per-acre/,"data:image/gif;base64,R0lGODlhAQABAIAAAP///////yH5BAEKAAEALAAAAAABAAEAAAICTAEAOw=="
AAP slams reports of threat to CM’s daughter,Times of India,1 month ago,2023-04-12 12:40:44.806759,"AAP slams reports of threat to CM's daughter ; Why no FIR against Brij Bhushan Sharan Singh, Supreme Court asks Delhi police ; Yogi Adityanath receives death...",https://m.timesofindia.com/city/chandigarh/aap-slams-reports-of-threat-to-cms-daughter/articleshow/99160966.cms,"data:image/gif;base64,R0lGODlhAQABAIAAAP///////yH5BAEKAAEALAAAAAABAAEAAAICTAEAOw=="
"Peace, harmony Jalandhar bypoll plank: Shiromani Akali Dal",Times of India,1 month ago,2023-04-12 12:40:44.794506,"The core committee meeting, held under SAD chief Sukhbir Singh Badal, authorised the party president to select the candidate for the Jalandhar bypoll.",https://m.timesofindia.com/city/chandigarh/peace-harmony-jal-bypoll-plank-sad/articleshow/99181672.cms,"data:image/gif;base64,R0lGODlhAQABAIAAAP///////yH5BAEKAAEALAAAAAABAAEAAAICTAEAOw=="
"At Rajput mahapanchayat in Jaipur, Karni Sena pushes for higher EWS quota, welfare board",The Indian Express,1 month ago,2023-04-12 12:40:44.777398,"Among those who attended the event were BJP MP from Kaiserganj, UP, Brij Bhushan Sharan Singh and UP govt MoS Raghuraj Singh. Advertisement. Listen to this...",https://indianexpress.com/article/political-pulse/rajput-mahapanchayat-karni-sena-pushes-for-higher-ews-quota-welfare-board-8534123/,"data:image/gif;base64,R0lGODlhAQABAIAAAP///////yH5BAEKAAEALAAAAAABAAEAAAICTAEAOw=="
‘Regulatory frameworks will boost green hydrogen ecosystem’,Times of India,1 month ago,2023-04-12 12:40:56.133357,"Bhupinder Singh Bhalla, secretary, Union ministry of new and renewable energy (MNRE), said, “Creating policy mechanisms and regulatory frameworks along with...",https://m.timesofindia.com/city/ahmedabad/regulatory-frameworks-will-boost-green-hydrogen-ecosystem/articleshow/99199106.cms,"data:image/gif;base64,R0lGODlhAQABAIAAAP///////yH5BAEKAAEALAAAAAABAAEAAAICTAEAOw=="
BioNEST-BHU selected under UP Start-Up Policy,Times of India,1 month ago,2023-04-12 12:40:56.119775,"Why no FIR against Brij Bhushan Sharan Singh, Supreme Court asks Delhi police · Yogi Adityanath receives death threat, police register FIR...",https://m.timesofindia.com/city/varanasi/bionest-bhu-selected-under-up-start-up-policy/articleshow/99181750.cms,"data:image/gif;base64,R0lGODlhAQABAIAAAP///////yH5BAEKAAEALAAAAAABAAEAAAICTAEAOw=="
"Driver killed, 11 hurt as 2 vehicles collide in Uttarakhand",Times of India,1 month ago,2023-04-12 12:40:56.108392,"RUDRAPUR: A taxi on its way from Ramnagara Madhotanda in Pilibhit, Uttar Pradesh, to Rudrapur, Udham Singh Nagar, collided head-on with a car near the...",https://m.timesofindia.com/city/dehradun/driver-killed-11-hurt-as-2-vehicles-collide-in-uttarakhand/articleshow/99197419.cms,"data:image/gif;base64,R0lGODlhAQABAIAAAP///////yH5BAEKAAEALAAAAAABAAEAAAICTAEAOw=="
Oscar Pistorius denied parole for murder of Reeva Steenkamp; parole board says he hasn’t served enough time,The Indian Express,1 month ago,2023-04-12 12:40:56.096987,... against WFI chief Brij Bhushan · Wrestlers Protest Live Updates: Protesting wrestlers threaten to return m... Brij Bhushan Sharan Singh at his residence.,https://indianexpress.com/article/sports/sport-others/oscar-pistorius-denied-parole-hasnt-served-enough-time-8531152/,"data:image/gif;base64,R0lGODlhAQABAIAAAP///////yH5BAEKAAEALAAAAAABAAEAAAICTAEAOw=="
Public library opened in east Delhi,Times of India,1 month ago,2023-04-12 12:40:56.085620,"Trending Stories. Why no FIR against Brij Bhushan Sharan Singh, Supreme Court asks Delhi police. Yogi Adityanath receives death threat, police register FIR.",https://m.timesofindia.com/city/delhi/public-library-opened-in-east-delhi/articleshow/99197827.cms,"data:image/gif;base64,R0lGODlhAQABAIAAAP///////yH5BAEKAAEALAAAAAABAAEAAAICTAEAOw=="
DG prisons among 5 senior IPS officers shunted in state,Times of India,1 month ago,2023-04-12 12:40:56.073974,"Trending Stories. Why no FIR against Brij Bhushan Sharan Singh, Supreme Court asks Delhi police. Yogi Adityanath receives death threat, police register FIR.",https://m.timesofindia.com/city/lucknow/dg-prisons-among-5-senior-ips-officers-shunted-in-state/articleshow/99161110.cms,"data:image/gif;base64,R0lGODlhAQABAIAAAP///////yH5BAEKAAEALAAAAAABAAEAAAICTAEAOw=="
"Now, you can monitor relaying of roads in Chennai",Times of India,1 month ago,2023-04-12 12:40:56.062462,"Corporation commissioner Gagandeep Singh Bedi said, ""We want the public to know about the roads being laid, so that there is transparency in the...",https://m.timesofindia.com/city/chennai/now-you-can-monitor-relaying-of-roads-in-chennai/articleshow/99180578.cms,"data:image/gif;base64,R0lGODlhAQABAIAAAP///////yH5BAEKAAEALAAAAAABAAEAAAICTAEAOw=="
Venkatesh Iyer yearns to regain his mojo at KKR in IPL 2023,Sportstar,1 month ago,2023-04-12 12:40:56.050866,IPL 2023 · Shaili Singh. LATEST NEWS. Brij Bhushan Sharan Singh · Kerala Blasters · Neeraj Chopra · Mumbai Indians · Arjun tendulkar.,https://sportstar.thehindu.com/cricket/ipl/ipl-news/venkatesh-iyer-100-hundred-fifty-half-century-kkr-ipl-2023-stats-kolkata-knight-riders-interview-feature/article66683276.ece,"data:image/gif;base64,R0lGODlhAQABAIAAAP///////yH5BAEKAAEALAAAAAABAAEAAAICTAEAOw=="
Brar appointed additional judge of Punjab and Haryana HC,Times of India,1 month ago,2023-04-12 12:40:56.039000,"Brar appointed additional judge of Punjab and Haryana HC ; Why no FIR against Brij Bhushan Sharan Singh, Supreme Court asks Delhi police ; Yogi Adityanath...",https://m.timesofindia.com/city/chandigarh/brar-appointed-additional-judge-of-hc/articleshow/99160935.cms,"data:image/gif;base64,R0lGODlhAQABAIAAAP///////yH5BAEKAAEALAAAAAABAAEAAAICTAEAOw=="
Mamata Banerjee has created Islamic state-like environment in West Bengal: Giriraj Singh,Times of India,1 month ago,2023-04-12 12:40:56.026984,Union minister Giriraj Singh slammed West Bengal chief minister Mamata Banerjee saying that she has created an Islamic state-like environment in the state.,https://m.timesofindia.com/videos/toi-original/mamata-banerjee-has-created-islamic-state-like-environment-in-west-bengal-giriraj-singh/videoshow/99151210.cms,"data:image/gif;base64,R0lGODlhAQABAIAAAP///////yH5BAEKAAEALAAAAAABAAEAAAICTAEAOw=="
